{
  "Sample": {
    "Title": "A .NET Core daemon console application calling a custom Web API with its own identity",
    "Level": 200,
    "Client": ".NET Core (Console)",
    "Service": ".NET Core Web API",
    "RepositoryUrl": "active-directory-dotnetcore-daemon-v2",
    "Endpoint": "AAD v2.0"
  },

  /*
    This section describes the Azure AD Applications to configure, and their dependencies
  */
  "AADApps": [
    {
      "Id": "service",
      "Name": "TodoList-webapi-daemon-v2",
      "Kind": "WebApi",
      "Audience": "AzureADMyOrg",
      "HomePage": "https://localhost:44372",
      "AppRoles": [
        {
          "Types" :  ["Application"],
          "Name" : "DaemonAppRole",
          "Description" : "Daemon apps in this role can consume the web api."
        }
      ]
    },    
    {
      "Id": "client",
      "Name": "daemon-console-v2",
      "Kind": "Daemon",
      "Audience": "AzureADMyOrg",      
      "PasswordCredentials": "Auto",
      "UsesROPCOrIWA": false,
      "ReplyUrls": "https://daemon",
      "RequiredResourcesAccess": [
        {
          "Resource": "service",
          "ApplicationPermissions": [ "DaemonAppRole" ]
        }
      ],
      "ManualSteps": [
        {
          "Comment" :  "Navigate to the API permissions page and click on 'Grant admin consent for {tenant}'"
        }
      ] 
    }
  ],

  /*
    This section describes how to update the code in configuration files from the apps coordinates, once the apps
    are created in Azure AD.
    Each section describes a configuration file, for one of the apps, it's type (XML, JSon, plain text), its location
    with respect to the root of the sample, and the mappping (which string in the config file is mapped to which value
  */
  "CodeConfiguration": [
    {
      "App": "service",
      "SettingKind": "Text",
      "SettingFile": "\\..\\TodoList-WebApi\\appsettings.json",
      "Mappings": [
        {
          "key": "Domain",
          "value": "$tenantName"
        },
        {
          "key": "TenantId",
          "value": "$tenantId"
        },
        {
          "key": "ClientId",
          "value": "service.AppId"
        }
      ]
    },    
    {
      "App": "client",
      "SettingKind": "JSon",
      "SettingFile": "\\..\\Daemon-Console\\appsettings.json",
      "Mappings": [
        {
          "key": "Tenant",
          "value": "$tenantName"
        },
        {
          "key": "ClientId",
          "value": ".AppId"
        },
        {
          "key": "ClientSecret",
          "value": ".AppKey"
        },
        {
          "key": "TodoListScope",
          "value": "service.ScopeDefault"
        },
        {
          "key": "TodoListBaseAddress",
          "value": "service.HomePage"
        }
      ]
    }
  ]
}
